"Program","Year","Period","Week Ending","Geo Level","State","State ANSI","Ag District","Ag District Code","County","County ANSI","Zip Code","Region","watershed_code","Watershed","Commodity","Data Item","Domain","Domain Category","Value","CV (%)"
"SURVEY","2008","YEAR","","COUNTY","COLORADO","08","EAST CENTRAL","60","ADAMS","001","","","00000000","","SUNFLOWER","SUNFLOWER - YIELD, MEASURED IN LB / ACRE","TOTAL","NOT SPECIFIED","715",""
"SURVEY","2008","YEAR","","COUNTY","COLORADO","08","EAST CENTRAL","60","ARAPAHOE","005","","","00000000","","SUNFLOWER","SUNFLOWER - YIELD, MEASURED IN LB / ACRE","TOTAL","NOT SPECIFIED","550",""
"SURVEY","2008","YEAR","","COUNTY","COLORADO","08","EAST CENTRAL","60","DENVER","031","","","00000000","","SUNFLOWER","SUNFLOWER - YIELD, MEASURED IN LB / ACRE","TOTAL","NOT SPECIFIED","855",""
"SURVEY","2008","YEAR","","COUNTY","COLORADO","08","EAST CENTRAL","60","ELBERT","039","","","00000000","","SUNFLOWER","SUNFLOWER - YIELD, MEASURED IN LB / ACRE","TOTAL","NOT SPECIFIED","845",""
"SURVEY","2008","YEAR","","COUNTY","COLORADO","08","EAST CENTRAL","60","KIOWA","061","","","00000000","","SUNFLOWER","SUNFLOWER - YIELD, MEASURED IN LB / ACRE","TOTAL","NOT SPECIFIED","1,040",""
"SURVEY","2008","YEAR","","COUNTY","COLORADO","08","EAST CENTRAL","60","LINCOLN","073","","","00000000","","SUNFLOWER","SUNFLOWER - YIELD, MEASURED IN LB / ACRE","TOTAL","NOT SPECIFIED","675",""
"SURVEY","2008","YEAR","","COUNTY","COLORADO","08","EAST CENTRAL","60","OTHER (COMBINED) COUNTIES","","","","00000000","","SUNFLOWER","SUNFLOWER - YIELD, MEASURED IN LB / ACRE","TOTAL","NOT SPECIFIED","860",""
"SURVEY","2008","YEAR","","COUNTY","COLORADO","08","EAST CENTRAL","60","PHILLIPS","095","","","00000000","","SUNFLOWER","SUNFLOWER - YIELD, MEASURED IN LB / ACRE","TOTAL","NOT SPECIFIED","1,805",""
"SURVEY","2008","YEAR","","COUNTY","COLORADO","08","EAST CENTRAL","60","WASHINGTON","121","","","00000000","","SUNFLOWER","SUNFLOWER - YIELD, MEASURED IN LB / ACRE","TOTAL","NOT SPECIFIED","590",""
"SURVEY","2008","YEAR","","COUNTY","COLORADO","08","EAST CENTRAL","60","YUMA","125","","","00000000","","SUNFLOWER","SUNFLOWER - YIELD, MEASURED IN LB / ACRE","TOTAL","NOT SPECIFIED","1,365",""
"SURVEY","2008","YEAR","","COUNTY","COLORADO","08","NORTHEAST","20","MORGAN","087","","","00000000","","SUNFLOWER","SUNFLOWER - YIELD, MEASURED IN LB / ACRE","TOTAL","NOT SPECIFIED","1,280",""
"SURVEY","2008","YEAR","","COUNTY","COLORADO","08","NORTHEAST","20","OTHER (COMBINED) COUNTIES","","","","00000000","","SUNFLOWER","SUNFLOWER - YIELD, MEASURED IN LB / ACRE","TOTAL","NOT SPECIFIED","1,460",""
"SURVEY","2008","YEAR","","COUNTY","COLORADO","08","NORTHEAST","20","WELD","123","","","00000000","","SUNFLOWER","SUNFLOWER - YIELD, MEASURED IN LB / ACRE","TOTAL","NOT SPECIFIED","1,505",""
"SURVEY","2007","YEAR","","COUNTY","COLORADO","08","EAST CENTRAL","60","ADAMS","001","","","00000000","","SUNFLOWER","SUNFLOWER - YIELD, MEASURED IN LB / ACRE","TOTAL","NOT SPECIFIED","870",""
"SURVEY","2007","YEAR","","COUNTY","COLORADO","08","EAST CENTRAL","60","ARAPAHOE","005","","","00000000","","SUNFLOWER","SUNFLOWER - YIELD, MEASURED IN LB / ACRE","TOTAL","NOT SPECIFIED","635",""
"SURVEY","2007","YEAR","","COUNTY","COLORADO","08","EAST CENTRAL","60","CHEYENNE","017","","","00000000","","SUNFLOWER","SUNFLOWER - YIELD, MEASURED IN LB / ACRE","TOTAL","NOT SPECIFIED","1,080",""
"SURVEY","2007","YEAR","","COUNTY","COLORADO","08","EAST CENTRAL","60","ELBERT","039","","","00000000","","SUNFLOWER","SUNFLOWER - YIELD, MEASURED IN LB / ACRE","TOTAL","NOT SPECIFIED","125",""
"SURVEY","2007","YEAR","","COUNTY","COLORADO","08","EAST CENTRAL","60","KIOWA","061","","","00000000","","SUNFLOWER","SUNFLOWER - YIELD, MEASURED IN LB / ACRE","TOTAL","NOT SPECIFIED","1,145",""
"SURVEY","2007","YEAR","","COUNTY","COLORADO","08","EAST CENTRAL","60","KIT CARSON","063","","","00000000","","SUNFLOWER","SUNFLOWER - YIELD, MEASURED IN LB / ACRE","TOTAL","NOT SPECIFIED","1,385",""
"SURVEY","2007","YEAR","","COUNTY","COLORADO","08","EAST CENTRAL","60","LINCOLN","073","","","00000000","","SUNFLOWER","SUNFLOWER - YIELD, MEASURED IN LB / ACRE","TOTAL","NOT SPECIFIED","1,190",""
"SURVEY","2007","YEAR","","COUNTY","COLORADO","08","EAST CENTRAL","60","OTHER (COMBINED) COUNTIES","","","","00000000","","SUNFLOWER","SUNFLOWER - YIELD, MEASURED IN LB / ACRE","TOTAL","NOT SPECIFIED","1,330",""
"SURVEY","2007","YEAR","","COUNTY","COLORADO","08","EAST CENTRAL","60","WASHINGTON","121","","","00000000","","SUNFLOWER","SUNFLOWER - YIELD, MEASURED IN LB / ACRE","TOTAL","NOT SPECIFIED","1,630",""
"SURVEY","2007","YEAR","","COUNTY","COLORADO","08","EAST CENTRAL","60","YUMA","125","","","00000000","","SUNFLOWER","SUNFLOWER - YIELD, MEASURED IN LB / ACRE","TOTAL","NOT SPECIFIED","1,495",""
"SURVEY","2007","YEAR","","COUNTY","COLORADO","08","NORTHEAST","20","LOGAN","075","","","00000000","","SUNFLOWER","SUNFLOWER - YIELD, MEASURED IN LB / ACRE","TOTAL","NOT SPECIFIED","1,360",""
"SURVEY","2007","YEAR","","COUNTY","COLORADO","08","NORTHEAST","20","OTHER (COMBINED) COUNTIES","","","","00000000","","SUNFLOWER","SUNFLOWER - YIELD, MEASURED IN LB / ACRE","TOTAL","NOT SPECIFIED","1,495",""
"SURVEY","2007","YEAR","","COUNTY","COLORADO","08","NORTHEAST","20","WELD","123","","","00000000","","SUNFLOWER","SUNFLOWER - YIELD, MEASURED IN LB / ACRE","TOTAL","NOT SPECIFIED","1,205",""
"SURVEY","2007","YEAR","","COUNTY","COLORADO","08","SOUTHEAST","90","BACA","009","","","00000000","","SUNFLOWER","SUNFLOWER - YIELD, MEASURED IN LB / ACRE","TOTAL","NOT SPECIFIED","1,050",""
"SURVEY","2007","YEAR","","COUNTY","COLORADO","08","SOUTHEAST","90","OTHER (COMBINED) COUNTIES","","","","00000000","","SUNFLOWER","SUNFLOWER - YIELD, MEASURED IN LB / ACRE","TOTAL","NOT SPECIFIED","2,000",""
"SURVEY","2007","YEAR","","COUNTY","COLORADO","08","SOUTHEAST","90","PROWERS","099","","","00000000","","SUNFLOWER","SUNFLOWER - YIELD, MEASURED IN LB / ACRE","TOTAL","NOT SPECIFIED","1,690",""
"SURVEY","2007","YEAR","","COUNTY","COLORADO","08","SOUTHWEST","70","DOLORES","033","","","00000000","","SUNFLOWER","SUNFLOWER - YIELD, MEASURED IN LB / ACRE","TOTAL","NOT SPECIFIED","895",""
"SURVEY","2007","YEAR","","COUNTY","COLORADO","08","SOUTHWEST","70","LA PLATA","067","","","00000000","","SUNFLOWER","SUNFLOWER - YIELD, MEASURED IN LB / ACRE","TOTAL","NOT SPECIFIED","0",""
"SURVEY","2007","YEAR","","COUNTY","COLORADO","08","SOUTHWEST","70","MONTEZUMA","083","","","00000000","","SUNFLOWER","SUNFLOWER - YIELD, MEASURED IN LB / ACRE","TOTAL","NOT SPECIFIED","1,135",""
"SURVEY","2007","YEAR","","COUNTY","COLORADO","08","SOUTHWEST","70","OTHER (COMBINED) COUNTIES","","","","00000000","","SUNFLOWER","SUNFLOWER - YIELD, MEASURED IN LB / ACRE","TOTAL","NOT SPECIFIED","900",""
"SURVEY","2006","YEAR","","COUNTY","COLORADO","08","EAST CENTRAL","60","ADAMS","001","","","00000000","","SUNFLOWER","SUNFLOWER - YIELD, MEASURED IN LB / ACRE","TOTAL","NOT SPECIFIED","1,445",""
"SURVEY","2006","YEAR","","COUNTY","COLORADO","08","EAST CENTRAL","60","CHEYENNE","017","","","00000000","","SUNFLOWER","SUNFLOWER - YIELD, MEASURED IN LB / ACRE","TOTAL","NOT SPECIFIED","1,195",""
"SURVEY","2006","YEAR","","COUNTY","COLORADO","08","EAST CENTRAL","60","KIOWA","061","","","00000000","","SUNFLOWER","SUNFLOWER - YIELD, MEASURED IN LB / ACRE","TOTAL","NOT SPECIFIED","1,130",""
"SURVEY","2006","YEAR","","COUNTY","COLORADO","08","EAST CENTRAL","60","KIT CARSON","063","","","00000000","","SUNFLOWER","SUNFLOWER - YIELD, MEASURED IN LB / ACRE","TOTAL","NOT SPECIFIED","1,025",""
"SURVEY","2006","YEAR","","COUNTY","COLORADO","08","EAST CENTRAL","60","LINCOLN","073","","","00000000","","SUNFLOWER","SUNFLOWER - YIELD, MEASURED IN LB / ACRE","TOTAL","NOT SPECIFIED","920",""
"SURVEY","2006","YEAR","","COUNTY","COLORADO","08","EAST CENTRAL","60","OTHER (COMBINED) COUNTIES","","","","00000000","","SUNFLOWER","SUNFLOWER - YIELD, MEASURED IN LB / ACRE","TOTAL","NOT SPECIFIED","1,075",""
"SURVEY","2006","YEAR","","COUNTY","COLORADO","08","EAST CENTRAL","60","PHILLIPS","095","","","00000000","","SUNFLOWER","SUNFLOWER - YIELD, MEASURED IN LB / ACRE","TOTAL","NOT SPECIFIED","1,655",""
"SURVEY","2006","YEAR","","COUNTY","COLORADO","08","EAST CENTRAL","60","YUMA","125","","","00000000","","SUNFLOWER","SUNFLOWER - YIELD, MEASURED IN LB / ACRE","TOTAL","NOT SPECIFIED","1,980",""
"SURVEY","2006","YEAR","","COUNTY","COLORADO","08","NORTHEAST","20","LOGAN","075","","","00000000","","SUNFLOWER","SUNFLOWER - YIELD, MEASURED IN LB / ACRE","TOTAL","NOT SPECIFIED","1,175",""
"SURVEY","2006","YEAR","","COUNTY","COLORADO","08","NORTHEAST","20","OTHER (COMBINED) COUNTIES","","","","00000000","","SUNFLOWER","SUNFLOWER - YIELD, MEASURED IN LB / ACRE","TOTAL","NOT SPECIFIED","1,540",""
"SURVEY","2006","YEAR","","COUNTY","COLORADO","08","NORTHEAST","20","SEDGWICK","115","","","00000000","","SUNFLOWER","SUNFLOWER - YIELD, MEASURED IN LB / ACRE","TOTAL","NOT SPECIFIED","1,370",""
"SURVEY","2006","YEAR","","COUNTY","COLORADO","08","NORTHEAST","20","WELD","123","","","00000000","","SUNFLOWER","SUNFLOWER - YIELD, MEASURED IN LB / ACRE","TOTAL","NOT SPECIFIED","1,030",""
"SURVEY","2006","YEAR","","COUNTY","COLORADO","08","SOUTHEAST","90","BACA","009","","","00000000","","SUNFLOWER","SUNFLOWER - YIELD, MEASURED IN LB / ACRE","TOTAL","NOT SPECIFIED","990",""
"SURVEY","2006","YEAR","","COUNTY","COLORADO","08","SOUTHEAST","90","PROWERS","099","","","00000000","","SUNFLOWER","SUNFLOWER - YIELD, MEASURED IN LB / ACRE","TOTAL","NOT SPECIFIED","635",""
"SURVEY","2006","YEAR","","COUNTY","COLORADO","08","SOUTHWEST","70","DOLORES","033","","","00000000","","SUNFLOWER","SUNFLOWER - YIELD, MEASURED IN LB / ACRE","TOTAL","NOT SPECIFIED","770",""
"SURVEY","2006","YEAR","","COUNTY","COLORADO","08","SOUTHWEST","70","OTHER (COMBINED) COUNTIES","","","","00000000","","SUNFLOWER","SUNFLOWER - YIELD, MEASURED IN LB / ACRE","TOTAL","NOT SPECIFIED","950",""
"SURVEY","2005","YEAR","","COUNTY","COLORADO","08","EAST CENTRAL","60","ADAMS","001","","","00000000","","SUNFLOWER","SUNFLOWER - YIELD, MEASURED IN LB / ACRE","TOTAL","NOT SPECIFIED","1,010",""
"SURVEY","2005","YEAR","","COUNTY","COLORADO","08","EAST CENTRAL","60","ARAPAHOE","005","","","00000000","","SUNFLOWER","SUNFLOWER - YIELD, MEASURED IN LB / ACRE","TOTAL","NOT SPECIFIED","1,005",""
"SURVEY","2005","YEAR","","COUNTY","COLORADO","08","EAST CENTRAL","60","CHEYENNE","017","","","00000000","","SUNFLOWER","SUNFLOWER - YIELD, MEASURED IN LB / ACRE","TOTAL","NOT SPECIFIED","970",""
"SURVEY","2005","YEAR","","COUNTY","COLORADO","08","EAST CENTRAL","60","ELBERT","039","","","00000000","","SUNFLOWER","SUNFLOWER - YIELD, MEASURED IN LB / ACRE","TOTAL","NOT SPECIFIED","810",""
"SURVEY","2005","YEAR","","COUNTY","COLORADO","08","EAST CENTRAL","60","KIOWA","061","","","00000000","","SUNFLOWER","SUNFLOWER - YIELD, MEASURED IN LB / ACRE","TOTAL","NOT SPECIFIED","1,175",""
"SURVEY","2005","YEAR","","COUNTY","COLORADO","08","EAST CENTRAL","60","KIT CARSON","063","","","00000000","","SUNFLOWER","SUNFLOWER - YIELD, MEASURED IN LB / ACRE","TOTAL","NOT SPECIFIED","1,620",""
"SURVEY","2005","YEAR","","COUNTY","COLORADO","08","EAST CENTRAL","60","LINCOLN","073","","","00000000","","SUNFLOWER","SUNFLOWER - YIELD, MEASURED IN LB / ACRE","TOTAL","NOT SPECIFIED","845",""
"SURVEY","2005","YEAR","","COUNTY","COLORADO","08","EAST CENTRAL","60","PHILLIPS","095","","","00000000","","SUNFLOWER","SUNFLOWER - YIELD, MEASURED IN LB / ACRE","TOTAL","NOT SPECIFIED","1,575",""
"SURVEY","2005","YEAR","","COUNTY","COLORADO","08","EAST CENTRAL","60","WASHINGTON","121","","","00000000","","SUNFLOWER","SUNFLOWER - YIELD, MEASURED IN LB / ACRE","TOTAL","NOT SPECIFIED","1,600",""
"SURVEY","2005","YEAR","","COUNTY","COLORADO","08","EAST CENTRAL","60","YUMA","125","","","00000000","","SUNFLOWER","SUNFLOWER - YIELD, MEASURED IN LB / ACRE","TOTAL","NOT SPECIFIED","1,805",""
"SURVEY","2005","YEAR","","COUNTY","COLORADO","08","NORTHEAST","20","LARIMER","069","","","00000000","","SUNFLOWER","SUNFLOWER - YIELD, MEASURED IN LB / ACRE","TOTAL","NOT SPECIFIED","1,765",""
"SURVEY","2005","YEAR","","COUNTY","COLORADO","08","NORTHEAST","20","LOGAN","075","","","00000000","","SUNFLOWER","SUNFLOWER - YIELD, MEASURED IN LB / ACRE","TOTAL","NOT SPECIFIED","1,095",""
"SURVEY","2005","YEAR","","COUNTY","COLORADO","08","NORTHEAST","20","MORGAN","087","","","00000000","","SUNFLOWER","SUNFLOWER - YIELD, MEASURED IN LB / ACRE","TOTAL","NOT SPECIFIED","1,415",""
"SURVEY","2005","YEAR","","COUNTY","COLORADO","08","NORTHEAST","20","OTHER (COMBINED) COUNTIES","","","","00000000","","SUNFLOWER","SUNFLOWER - YIELD, MEASURED IN LB / ACRE","TOTAL","NOT SPECIFIED","1,120",""
"SURVEY","2005","YEAR","","COUNTY","COLORADO","08","NORTHEAST","20","SEDGWICK","115","","","00000000","","SUNFLOWER","SUNFLOWER - YIELD, MEASURED IN LB / ACRE","TOTAL","NOT SPECIFIED","950",""
"SURVEY","2005","YEAR","","COUNTY","COLORADO","08","NORTHEAST","20","WELD","123","","","00000000","","SUNFLOWER","SUNFLOWER - YIELD, MEASURED IN LB / ACRE","TOTAL","NOT SPECIFIED","1,195",""
"SURVEY","2005","YEAR","","COUNTY","COLORADO","08","SOUTHEAST","90","BACA","009","","","00000000","","SUNFLOWER","SUNFLOWER - YIELD, MEASURED IN LB / ACRE","TOTAL","NOT SPECIFIED","1,400",""
"SURVEY","2005","YEAR","","COUNTY","COLORADO","08","SOUTHEAST","90","OTHER (COMBINED) COUNTIES","","","","00000000","","SUNFLOWER","SUNFLOWER - YIELD, MEASURED IN LB / ACRE","TOTAL","NOT SPECIFIED","1,365",""
"SURVEY","2005","YEAR","","COUNTY","COLORADO","08","SOUTHEAST","90","PROWERS","099","","","00000000","","SUNFLOWER","SUNFLOWER - YIELD, MEASURED IN LB / ACRE","TOTAL","NOT SPECIFIED","880",""
"SURVEY","2004","YEAR","","COUNTY","COLORADO","08","EAST CENTRAL","60","ADAMS","001","","","00000000","","SUNFLOWER","SUNFLOWER - YIELD, MEASURED IN LB / ACRE","TOTAL","NOT SPECIFIED","695",""
"SURVEY","2004","YEAR","","COUNTY","COLORADO","08","EAST CENTRAL","60","ARAPAHOE","005","","","00000000","","SUNFLOWER","SUNFLOWER - YIELD, MEASURED IN LB / ACRE","TOTAL","NOT SPECIFIED","1,090",""
"SURVEY","2004","YEAR","","COUNTY","COLORADO","08","EAST CENTRAL","60","KIT CARSON","063","","","00000000","","SUNFLOWER","SUNFLOWER - YIELD, MEASURED IN LB / ACRE","TOTAL","NOT SPECIFIED","1,640",""
"SURVEY","2004","YEAR","","COUNTY","COLORADO","08","EAST CENTRAL","60","LINCOLN","073","","","00000000","","SUNFLOWER","SUNFLOWER - YIELD, MEASURED IN LB / ACRE","TOTAL","NOT SPECIFIED","950",""
"SURVEY","2004","YEAR","","COUNTY","COLORADO","08","EAST CENTRAL","60","OTHER (COMBINED) COUNTIES","","","","00000000","","SUNFLOWER","SUNFLOWER - YIELD, MEASURED IN LB / ACRE","TOTAL","NOT SPECIFIED","1,155",""
"SURVEY","2004","YEAR","","COUNTY","COLORADO","08","EAST CENTRAL","60","YUMA","125","","","00000000","","SUNFLOWER","SUNFLOWER - YIELD, MEASURED IN LB / ACRE","TOTAL","NOT SPECIFIED","1,775",""
"SURVEY","2004","YEAR","","COUNTY","COLORADO","08","NORTHEAST","20","LOGAN","075","","","00000000","","SUNFLOWER","SUNFLOWER - YIELD, MEASURED IN LB / ACRE","TOTAL","NOT SPECIFIED","690",""
"SURVEY","2004","YEAR","","COUNTY","COLORADO","08","NORTHEAST","20","OTHER (COMBINED) COUNTIES","","","","00000000","","SUNFLOWER","SUNFLOWER - YIELD, MEASURED IN LB / ACRE","TOTAL","NOT SPECIFIED","760",""
"SURVEY","2004","YEAR","","COUNTY","COLORADO","08","NORTHEAST","20","SEDGWICK","115","","","00000000","","SUNFLOWER","SUNFLOWER - YIELD, MEASURED IN LB / ACRE","TOTAL","NOT SPECIFIED","865",""
"SURVEY","2004","YEAR","","COUNTY","COLORADO","08","NORTHEAST","20","WELD","123","","","00000000","","SUNFLOWER","SUNFLOWER - YIELD, MEASURED IN LB / ACRE","TOTAL","NOT SPECIFIED","1,340",""
"SURVEY","2004","YEAR","","COUNTY","COLORADO","08","SOUTHEAST","90","BACA","009","","","00000000","","SUNFLOWER","SUNFLOWER - YIELD, MEASURED IN LB / ACRE","TOTAL","NOT SPECIFIED","1,865",""
"SURVEY","2004","YEAR","","COUNTY","COLORADO","08","SOUTHEAST","90","OTHER (COMBINED) COUNTIES","","","","00000000","","SUNFLOWER","SUNFLOWER - YIELD, MEASURED IN LB / ACRE","TOTAL","NOT SPECIFIED","955",""
"SURVEY","2003","YEAR","","COUNTY","COLORADO","08","EAST CENTRAL","60","ADAMS","001","","","00000000","","SUNFLOWER","SUNFLOWER - YIELD, MEASURED IN LB / ACRE","TOTAL","NOT SPECIFIED","765",""
"SURVEY","2003","YEAR","","COUNTY","COLORADO","08","EAST CENTRAL","60","ARAPAHOE","005","","","00000000","","SUNFLOWER","SUNFLOWER - YIELD, MEASURED IN LB / ACRE","TOTAL","NOT SPECIFIED","1,260",""
"SURVEY","2003","YEAR","","COUNTY","COLORADO","08","EAST CENTRAL","60","CHEYENNE","017","","","00000000","","SUNFLOWER","SUNFLOWER - YIELD, MEASURED IN LB / ACRE","TOTAL","NOT SPECIFIED","1,095",""
"SURVEY","2003","YEAR","","COUNTY","COLORADO","08","EAST CENTRAL","60","ELBERT","039","","","00000000","","SUNFLOWER","SUNFLOWER - YIELD, MEASURED IN LB / ACRE","TOTAL","NOT SPECIFIED","695",""
"SURVEY","2003","YEAR","","COUNTY","COLORADO","08","EAST CENTRAL","60","KIOWA","061","","","00000000","","SUNFLOWER","SUNFLOWER - YIELD, MEASURED IN LB / ACRE","TOTAL","NOT SPECIFIED","1,100",""
"SURVEY","2003","YEAR","","COUNTY","COLORADO","08","EAST CENTRAL","60","KIT CARSON","063","","","00000000","","SUNFLOWER","SUNFLOWER - YIELD, MEASURED IN LB / ACRE","TOTAL","NOT SPECIFIED","1,100",""
"SURVEY","2003","YEAR","","COUNTY","COLORADO","08","EAST CENTRAL","60","LINCOLN","073","","","00000000","","SUNFLOWER","SUNFLOWER - YIELD, MEASURED IN LB / ACRE","TOTAL","NOT SPECIFIED","850",""
"SURVEY","2003","YEAR","","COUNTY","COLORADO","08","EAST CENTRAL","60","PHILLIPS","095","","","00000000","","SUNFLOWER","SUNFLOWER - YIELD, MEASURED IN LB / ACRE","TOTAL","NOT SPECIFIED","635",""
"SURVEY","2003","YEAR","","COUNTY","COLORADO","08","EAST CENTRAL","60","WASHINGTON","121","","","00000000","","SUNFLOWER","SUNFLOWER - YIELD, MEASURED IN LB / ACRE","TOTAL","NOT SPECIFIED","1,110",""
"SURVEY","2003","YEAR","","COUNTY","COLORADO","08","EAST CENTRAL","60","YUMA","125","","","00000000","","SUNFLOWER","SUNFLOWER - YIELD, MEASURED IN LB / ACRE","TOTAL","NOT SPECIFIED","1,165",""
"SURVEY","2003","YEAR","","COUNTY","COLORADO","08","NORTHEAST","20","LARIMER","069","","","00000000","","SUNFLOWER","SUNFLOWER - YIELD, MEASURED IN LB / ACRE","TOTAL","NOT SPECIFIED","900",""
"SURVEY","2003","YEAR","","COUNTY","COLORADO","08","NORTHEAST","20","LOGAN","075","","","00000000","","SUNFLOWER","SUNFLOWER - YIELD, MEASURED IN LB / ACRE","TOTAL","NOT SPECIFIED","810",""
"SURVEY","2003","YEAR","","COUNTY","COLORADO","08","NORTHEAST","20","MORGAN","087","","","00000000","","SUNFLOWER","SUNFLOWER - YIELD, MEASURED IN LB / ACRE","TOTAL","NOT SPECIFIED","895",""
"SURVEY","2003","YEAR","","COUNTY","COLORADO","08","NORTHEAST","20","SEDGWICK","115","","","00000000","","SUNFLOWER","SUNFLOWER - YIELD, MEASURED IN LB / ACRE","TOTAL","NOT SPECIFIED","825",""
"SURVEY","2003","YEAR","","COUNTY","COLORADO","08","NORTHEAST","20","WELD","123","","","00000000","","SUNFLOWER","SUNFLOWER - YIELD, MEASURED IN LB / ACRE","TOTAL","NOT SPECIFIED","1,230",""
"SURVEY","2003","YEAR","","COUNTY","COLORADO","08","SOUTHEAST","90","BACA","009","","","00000000","","SUNFLOWER","SUNFLOWER - YIELD, MEASURED IN LB / ACRE","TOTAL","NOT SPECIFIED","1,355",""
"SURVEY","2003","YEAR","","COUNTY","COLORADO","08","SOUTHEAST","90","PROWERS","099","","","00000000","","SUNFLOWER","SUNFLOWER - YIELD, MEASURED IN LB / ACRE","TOTAL","NOT SPECIFIED","1,300",""
"SURVEY","2002","YEAR","","COUNTY","COLORADO","08","EAST CENTRAL","60","ADAMS","001","","","00000000","","SUNFLOWER","SUNFLOWER - YIELD, MEASURED IN LB / ACRE","TOTAL","NOT SPECIFIED","755",""
"SURVEY","2002","YEAR","","COUNTY","COLORADO","08","EAST CENTRAL","60","ARAPAHOE","005","","","00000000","","SUNFLOWER","SUNFLOWER - YIELD, MEASURED IN LB / ACRE","TOTAL","NOT SPECIFIED","400",""
"SURVEY","2002","YEAR","","COUNTY","COLORADO","08","EAST CENTRAL","60","CHEYENNE","017","","","00000000","","SUNFLOWER","SUNFLOWER - YIELD, MEASURED IN LB / ACRE","TOTAL","NOT SPECIFIED","495",""
"SURVEY","2002","YEAR","","COUNTY","COLORADO","08","EAST CENTRAL","60","ELBERT","039","","","00000000","","SUNFLOWER","SUNFLOWER - YIELD, MEASURED IN LB / ACRE","TOTAL","NOT SPECIFIED","665",""
"SURVEY","2002","YEAR","","COUNTY","COLORADO","08","EAST CENTRAL","60","KIOWA","061","","","00000000","","SUNFLOWER","SUNFLOWER - YIELD, MEASURED IN LB / ACRE","TOTAL","NOT SPECIFIED","450",""
"SURVEY","2002","YEAR","","COUNTY","COLORADO","08","EAST CENTRAL","60","KIT CARSON","063","","","00000000","","SUNFLOWER","SUNFLOWER - YIELD, MEASURED IN LB / ACRE","TOTAL","NOT SPECIFIED","870",""
"SURVEY","2002","YEAR","","COUNTY","COLORADO","08","EAST CENTRAL","60","LINCOLN","073","","","00000000","","SUNFLOWER","SUNFLOWER - YIELD, MEASURED IN LB / ACRE","TOTAL","NOT SPECIFIED","455",""
"SURVEY","2002","YEAR","","COUNTY","COLORADO","08","EAST CENTRAL","60","PHILLIPS","095","","","00000000","","SUNFLOWER","SUNFLOWER - YIELD, MEASURED IN LB / ACRE","TOTAL","NOT SPECIFIED","695",""
"SURVEY","2002","YEAR","","COUNTY","COLORADO","08","EAST CENTRAL","60","WASHINGTON","121","","","00000000","","SUNFLOWER","SUNFLOWER - YIELD, MEASURED IN LB / ACRE","TOTAL","NOT SPECIFIED","755",""
"SURVEY","2002","YEAR","","COUNTY","COLORADO","08","EAST CENTRAL","60","YUMA","125","","","00000000","","SUNFLOWER","SUNFLOWER - YIELD, MEASURED IN LB / ACRE","TOTAL","NOT SPECIFIED","890",""
"SURVEY","2002","YEAR","","COUNTY","COLORADO","08","NORTHEAST","20","BOULDER","013","","","00000000","","SUNFLOWER","SUNFLOWER - YIELD, MEASURED IN LB / ACRE","TOTAL","NOT SPECIFIED","1,400",""
"SURVEY","2002","YEAR","","COUNTY","COLORADO","08","NORTHEAST","20","LOGAN","075","","","00000000","","SUNFLOWER","SUNFLOWER - YIELD, MEASURED IN LB / ACRE","TOTAL","NOT SPECIFIED","510",""
"SURVEY","2002","YEAR","","COUNTY","COLORADO","08","NORTHEAST","20","MORGAN","087","","","00000000","","SUNFLOWER","SUNFLOWER - YIELD, MEASURED IN LB / ACRE","TOTAL","NOT SPECIFIED","600",""
"SURVEY","2002","YEAR","","COUNTY","COLORADO","08","NORTHEAST","20","SEDGWICK","115","","","00000000","","SUNFLOWER","SUNFLOWER - YIELD, MEASURED IN LB / ACRE","TOTAL","NOT SPECIFIED","1,020",""
"SURVEY","2002","YEAR","","COUNTY","COLORADO","08","NORTHEAST","20","WELD","123","","","00000000","","SUNFLOWER","SUNFLOWER - YIELD, MEASURED IN LB / ACRE","TOTAL","NOT SPECIFIED","975",""
"SURVEY","2002","YEAR","","COUNTY","COLORADO","08","SOUTHEAST","90","BACA","009","","","00000000","","SUNFLOWER","SUNFLOWER - YIELD, MEASURED IN LB / ACRE","TOTAL","NOT SPECIFIED","1,200",""
"SURVEY","2001","YEAR","","COUNTY","COLORADO","08","EAST CENTRAL","60","ADAMS","001","","","00000000","","SUNFLOWER","SUNFLOWER - YIELD, MEASURED IN LB / ACRE","TOTAL","NOT SPECIFIED","1,245",""
"SURVEY","2001","YEAR","","COUNTY","COLORADO","08","EAST CENTRAL","60","ARAPAHOE","005","","","00000000","","SUNFLOWER","SUNFLOWER - YIELD, MEASURED IN LB / ACRE","TOTAL","NOT SPECIFIED","1,675",""
"SURVEY","2001","YEAR","","COUNTY","COLORADO","08","EAST CENTRAL","60","CHEYENNE","017","","","00000000","","SUNFLOWER","SUNFLOWER - YIELD, MEASURED IN LB / ACRE","TOTAL","NOT SPECIFIED","895",""
"SURVEY","2001","YEAR","","COUNTY","COLORADO","08","EAST CENTRAL","60","DOUGLAS","035","","","00000000","","SUNFLOWER","SUNFLOWER - YIELD, MEASURED IN LB / ACRE","TOTAL","NOT SPECIFIED","0",""
"SURVEY","2001","YEAR","","COUNTY","COLORADO","08","EAST CENTRAL","60","ELBERT","039","","","00000000","","SUNFLOWER","SUNFLOWER - YIELD, MEASURED IN LB / ACRE","TOTAL","NOT SPECIFIED","1,180",""
"SURVEY","2001","YEAR","","COUNTY","COLORADO","08","EAST CENTRAL","60","KIOWA","061","","","00000000","","SUNFLOWER","SUNFLOWER - YIELD, MEASURED IN LB / ACRE","TOTAL","NOT SPECIFIED","1,315",""
"SURVEY","2001","YEAR","","COUNTY","COLORADO","08","EAST CENTRAL","60","KIT CARSON","063","","","00000000","","SUNFLOWER","SUNFLOWER - YIELD, MEASURED IN LB / ACRE","TOTAL","NOT SPECIFIED","745",""
"SURVEY","2001","YEAR","","COUNTY","COLORADO","08","EAST CENTRAL","60","LINCOLN","073","","","00000000","","SUNFLOWER","SUNFLOWER - YIELD, MEASURED IN LB / ACRE","TOTAL","NOT SPECIFIED","1,305",""
"SURVEY","2001","YEAR","","COUNTY","COLORADO","08","EAST CENTRAL","60","PHILLIPS","095","","","00000000","","SUNFLOWER","SUNFLOWER - YIELD, MEASURED IN LB / ACRE","TOTAL","NOT SPECIFIED","1,200",""
"SURVEY","2001","YEAR","","COUNTY","COLORADO","08","EAST CENTRAL","60","WASHINGTON","121","","","00000000","","SUNFLOWER","SUNFLOWER - YIELD, MEASURED IN LB / ACRE","TOTAL","NOT SPECIFIED","1,255",""
"SURVEY","2001","YEAR","","COUNTY","COLORADO","08","EAST CENTRAL","60","YUMA","125","","","00000000","","SUNFLOWER","SUNFLOWER - YIELD, MEASURED IN LB / ACRE","TOTAL","NOT SPECIFIED","1,470",""
"SURVEY","2001","YEAR","","COUNTY","COLORADO","08","NORTHEAST","20","LOGAN","075","","","00000000","","SUNFLOWER","SUNFLOWER - YIELD, MEASURED IN LB / ACRE","TOTAL","NOT SPECIFIED","695",""
"SURVEY","2001","YEAR","","COUNTY","COLORADO","08","NORTHEAST","20","MORGAN","087","","","00000000","","SUNFLOWER","SUNFLOWER - YIELD, MEASURED IN LB / ACRE","TOTAL","NOT SPECIFIED","1,480",""
"SURVEY","2001","YEAR","","COUNTY","COLORADO","08","NORTHEAST","20","SEDGWICK","115","","","00000000","","SUNFLOWER","SUNFLOWER - YIELD, MEASURED IN LB / ACRE","TOTAL","NOT SPECIFIED","1,120",""
"SURVEY","2001","YEAR","","COUNTY","COLORADO","08","NORTHEAST","20","WELD","123","","","00000000","","SUNFLOWER","SUNFLOWER - YIELD, MEASURED IN LB / ACRE","TOTAL","NOT SPECIFIED","1,390",""
"SURVEY","2001","YEAR","","COUNTY","COLORADO","08","SOUTHEAST","90","BACA","009","","","00000000","","SUNFLOWER","SUNFLOWER - YIELD, MEASURED IN LB / ACRE","TOTAL","NOT SPECIFIED","1,610",""
"SURVEY","2001","YEAR","","COUNTY","COLORADO","08","SOUTHEAST","90","PROWERS","099","","","00000000","","SUNFLOWER","SUNFLOWER - YIELD, MEASURED IN LB / ACRE","TOTAL","NOT SPECIFIED","1,235",""
"SURVEY","2000","YEAR","","COUNTY","COLORADO","08","EAST CENTRAL","60","ADAMS","001","","","00000000","","SUNFLOWER","SUNFLOWER - YIELD, MEASURED IN LB / ACRE","TOTAL","NOT SPECIFIED","880",""
"SURVEY","2000","YEAR","","COUNTY","COLORADO","08","EAST CENTRAL","60","ARAPAHOE","005","","","00000000","","SUNFLOWER","SUNFLOWER - YIELD, MEASURED IN LB / ACRE","TOTAL","NOT SPECIFIED","880",""
"SURVEY","2000","YEAR","","COUNTY","COLORADO","08","EAST CENTRAL","60","CHEYENNE","017","","","00000000","","SUNFLOWER","SUNFLOWER - YIELD, MEASURED IN LB / ACRE","TOTAL","NOT SPECIFIED","725",""
"SURVEY","2000","YEAR","","COUNTY","COLORADO","08","EAST CENTRAL","60","ELBERT","039","","","00000000","","SUNFLOWER","SUNFLOWER - YIELD, MEASURED IN LB / ACRE","TOTAL","NOT SPECIFIED","1,175",""
"SURVEY","2000","YEAR","","COUNTY","COLORADO","08","EAST CENTRAL","60","KIOWA","061","","","00000000","","SUNFLOWER","SUNFLOWER - YIELD, MEASURED IN LB / ACRE","TOTAL","NOT SPECIFIED","990",""
"SURVEY","2000","YEAR","","COUNTY","COLORADO","08","EAST CENTRAL","60","KIT CARSON","063","","","00000000","","SUNFLOWER","SUNFLOWER - YIELD, MEASURED IN LB / ACRE","TOTAL","NOT SPECIFIED","1,045",""
"SURVEY","2000","YEAR","","COUNTY","COLORADO","08","EAST CENTRAL","60","LINCOLN","073","","","00000000","","SUNFLOWER","SUNFLOWER - YIELD, MEASURED IN LB / ACRE","TOTAL","NOT SPECIFIED","1,270",""
"SURVEY","2000","YEAR","","COUNTY","COLORADO","08","EAST CENTRAL","60","PHILLIPS","095","","","00000000","","SUNFLOWER","SUNFLOWER - YIELD, MEASURED IN LB / ACRE","TOTAL","NOT SPECIFIED","500",""
"SURVEY","2000","YEAR","","COUNTY","COLORADO","08","EAST CENTRAL","60","WASHINGTON","121","","","00000000","","SUNFLOWER","SUNFLOWER - YIELD, MEASURED IN LB / ACRE","TOTAL","NOT SPECIFIED","785",""
"SURVEY","2000","YEAR","","COUNTY","COLORADO","08","EAST CENTRAL","60","YUMA","125","","","00000000","","SUNFLOWER","SUNFLOWER - YIELD, MEASURED IN LB / ACRE","TOTAL","NOT SPECIFIED","1,345",""
"SURVEY","2000","YEAR","","COUNTY","COLORADO","08","NORTHEAST","20","LOGAN","075","","","00000000","","SUNFLOWER","SUNFLOWER - YIELD, MEASURED IN LB / ACRE","TOTAL","NOT SPECIFIED","940",""
"SURVEY","2000","YEAR","","COUNTY","COLORADO","08","NORTHEAST","20","MORGAN","087","","","00000000","","SUNFLOWER","SUNFLOWER - YIELD, MEASURED IN LB / ACRE","TOTAL","NOT SPECIFIED","790",""
"SURVEY","2000","YEAR","","COUNTY","COLORADO","08","NORTHEAST","20","SEDGWICK","115","","","00000000","","SUNFLOWER","SUNFLOWER - YIELD, MEASURED IN LB / ACRE","TOTAL","NOT SPECIFIED","700",""
"SURVEY","2000","YEAR","","COUNTY","COLORADO","08","NORTHEAST","20","WELD","123","","","00000000","","SUNFLOWER","SUNFLOWER - YIELD, MEASURED IN LB / ACRE","TOTAL","NOT SPECIFIED","1,185",""
"SURVEY","2000","YEAR","","COUNTY","COLORADO","08","SOUTHEAST","90","BACA","009","","","00000000","","SUNFLOWER","SUNFLOWER - YIELD, MEASURED IN LB / ACRE","TOTAL","NOT SPECIFIED","900",""
"SURVEY","2000","YEAR","","COUNTY","COLORADO","08","SOUTHEAST","90","PROWERS","099","","","00000000","","SUNFLOWER","SUNFLOWER - YIELD, MEASURED IN LB / ACRE","TOTAL","NOT SPECIFIED","700",""
"SURVEY","1999","YEAR","","COUNTY","COLORADO","08","EAST CENTRAL","60","ADAMS","001","","","00000000","","SUNFLOWER","SUNFLOWER - YIELD, MEASURED IN LB / ACRE","TOTAL","NOT SPECIFIED","1,105",""
"SURVEY","1999","YEAR","","COUNTY","COLORADO","08","EAST CENTRAL","60","ARAPAHOE","005","","","00000000","","SUNFLOWER","SUNFLOWER - YIELD, MEASURED IN LB / ACRE","TOTAL","NOT SPECIFIED","1,175",""
"SURVEY","1999","YEAR","","COUNTY","COLORADO","08","EAST CENTRAL","60","CHEYENNE","017","","","00000000","","SUNFLOWER","SUNFLOWER - YIELD, MEASURED IN LB / ACRE","TOTAL","NOT SPECIFIED","1,270",""
"SURVEY","1999","YEAR","","COUNTY","COLORADO","08","EAST CENTRAL","60","ELBERT","039","","","00000000","","SUNFLOWER","SUNFLOWER - YIELD, MEASURED IN LB / ACRE","TOTAL","NOT SPECIFIED","1,275",""
"SURVEY","1999","YEAR","","COUNTY","COLORADO","08","EAST CENTRAL","60","KIOWA","061","","","00000000","","SUNFLOWER","SUNFLOWER - YIELD, MEASURED IN LB / ACRE","TOTAL","NOT SPECIFIED","1,625",""
"SURVEY","1999","YEAR","","COUNTY","COLORADO","08","EAST CENTRAL","60","KIT CARSON","063","","","00000000","","SUNFLOWER","SUNFLOWER - YIELD, MEASURED IN LB / ACRE","TOTAL","NOT SPECIFIED","1,395",""
"SURVEY","1999","YEAR","","COUNTY","COLORADO","08","EAST CENTRAL","60","LINCOLN","073","","","00000000","","SUNFLOWER","SUNFLOWER - YIELD, MEASURED IN LB / ACRE","TOTAL","NOT SPECIFIED","1,410",""
"SURVEY","1999","YEAR","","COUNTY","COLORADO","08","EAST CENTRAL","60","PHILLIPS","095","","","00000000","","SUNFLOWER","SUNFLOWER - YIELD, MEASURED IN LB / ACRE","TOTAL","NOT SPECIFIED","1,000",""
"SURVEY","1999","YEAR","","COUNTY","COLORADO","08","EAST CENTRAL","60","WASHINGTON","121","","","00000000","","SUNFLOWER","SUNFLOWER - YIELD, MEASURED IN LB / ACRE","TOTAL","NOT SPECIFIED","1,225",""
"SURVEY","1999","YEAR","","COUNTY","COLORADO","08","EAST CENTRAL","60","YUMA","125","","","00000000","","SUNFLOWER","SUNFLOWER - YIELD, MEASURED IN LB / ACRE","TOTAL","NOT SPECIFIED","1,350",""
"SURVEY","1999","YEAR","","COUNTY","COLORADO","08","NORTHEAST","20","LOGAN","075","","","00000000","","SUNFLOWER","SUNFLOWER - YIELD, MEASURED IN LB / ACRE","TOTAL","NOT SPECIFIED","1,085",""
"SURVEY","1999","YEAR","","COUNTY","COLORADO","08","NORTHEAST","20","MORGAN","087","","","00000000","","SUNFLOWER","SUNFLOWER - YIELD, MEASURED IN LB / ACRE","TOTAL","NOT SPECIFIED","1,030",""
"SURVEY","1999","YEAR","","COUNTY","COLORADO","08","NORTHEAST","20","SEDGWICK","115","","","00000000","","SUNFLOWER","SUNFLOWER - YIELD, MEASURED IN LB / ACRE","TOTAL","NOT SPECIFIED","1,490",""
"SURVEY","1999","YEAR","","COUNTY","COLORADO","08","NORTHEAST","20","WELD","123","","","00000000","","SUNFLOWER","SUNFLOWER - YIELD, MEASURED IN LB / ACRE","TOTAL","NOT SPECIFIED","1,335",""
"SURVEY","1999","YEAR","","COUNTY","COLORADO","08","SOUTHEAST","90","BACA","009","","","00000000","","SUNFLOWER","SUNFLOWER - YIELD, MEASURED IN LB / ACRE","TOTAL","NOT SPECIFIED","1,290",""
"SURVEY","1999","YEAR","","COUNTY","COLORADO","08","SOUTHEAST","90","PROWERS","099","","","00000000","","SUNFLOWER","SUNFLOWER - YIELD, MEASURED IN LB / ACRE","TOTAL","NOT SPECIFIED","1,465",""
"SURVEY","1998","YEAR","","COUNTY","COLORADO","08","EAST CENTRAL","60","ADAMS","001","","","00000000","","SUNFLOWER","SUNFLOWER - YIELD, MEASURED IN LB / ACRE","TOTAL","NOT SPECIFIED","1,085",""
"SURVEY","1998","YEAR","","COUNTY","COLORADO","08","EAST CENTRAL","60","ARAPAHOE","005","","","00000000","","SUNFLOWER","SUNFLOWER - YIELD, MEASURED IN LB / ACRE","TOTAL","NOT SPECIFIED","1,080",""
"SURVEY","1998","YEAR","","COUNTY","COLORADO","08","EAST CENTRAL","60","CHEYENNE","017","","","00000000","","SUNFLOWER","SUNFLOWER - YIELD, MEASURED IN LB / ACRE","TOTAL","NOT SPECIFIED","1,400",""
"SURVEY","1998","YEAR","","COUNTY","COLORADO","08","EAST CENTRAL","60","ELBERT","039","","","00000000","","SUNFLOWER","SUNFLOWER - YIELD, MEASURED IN LB / ACRE","TOTAL","NOT SPECIFIED","1,515",""
"SURVEY","1998","YEAR","","COUNTY","COLORADO","08","EAST CENTRAL","60","KIOWA","061","","","00000000","","SUNFLOWER","SUNFLOWER - YIELD, MEASURED IN LB / ACRE","TOTAL","NOT SPECIFIED","1,790",""
"SURVEY","1998","YEAR","","COUNTY","COLORADO","08","EAST CENTRAL","60","KIT CARSON","063","","","00000000","","SUNFLOWER","SUNFLOWER - YIELD, MEASURED IN LB / ACRE","TOTAL","NOT SPECIFIED","1,585",""
"SURVEY","1998","YEAR","","COUNTY","COLORADO","08","EAST CENTRAL","60","LINCOLN","073","","","00000000","","SUNFLOWER","SUNFLOWER - YIELD, MEASURED IN LB / ACRE","TOTAL","NOT SPECIFIED","1,165",""
"SURVEY","1998","YEAR","","COUNTY","COLORADO","08","EAST CENTRAL","60","PHILLIPS","095","","","00000000","","SUNFLOWER","SUNFLOWER - YIELD, MEASURED IN LB / ACRE","TOTAL","NOT SPECIFIED","1,025",""
"SURVEY","1998","YEAR","","COUNTY","COLORADO","08","EAST CENTRAL","60","WASHINGTON","121","","","00000000","","SUNFLOWER","SUNFLOWER - YIELD, MEASURED IN LB / ACRE","TOTAL","NOT SPECIFIED","915",""
"SURVEY","1998","YEAR","","COUNTY","COLORADO","08","EAST CENTRAL","60","YUMA","125","","","00000000","","SUNFLOWER","SUNFLOWER - YIELD, MEASURED IN LB / ACRE","TOTAL","NOT SPECIFIED","1,580",""
"SURVEY","1998","YEAR","","COUNTY","COLORADO","08","NORTHEAST","20","LOGAN","075","","","00000000","","SUNFLOWER","SUNFLOWER - YIELD, MEASURED IN LB / ACRE","TOTAL","NOT SPECIFIED","955",""
"SURVEY","1998","YEAR","","COUNTY","COLORADO","08","NORTHEAST","20","MORGAN","087","","","00000000","","SUNFLOWER","SUNFLOWER - YIELD, MEASURED IN LB / ACRE","TOTAL","NOT SPECIFIED","915",""
"SURVEY","1998","YEAR","","COUNTY","COLORADO","08","NORTHEAST","20","SEDGWICK","115","","","00000000","","SUNFLOWER","SUNFLOWER - YIELD, MEASURED IN LB / ACRE","TOTAL","NOT SPECIFIED","1,335",""
"SURVEY","1998","YEAR","","COUNTY","COLORADO","08","NORTHEAST","20","WELD","123","","","00000000","","SUNFLOWER","SUNFLOWER - YIELD, MEASURED IN LB / ACRE","TOTAL","NOT SPECIFIED","1,090",""
"SURVEY","1998","YEAR","","COUNTY","COLORADO","08","SOUTHEAST","90","BACA","009","","","00000000","","SUNFLOWER","SUNFLOWER - YIELD, MEASURED IN LB / ACRE","TOTAL","NOT SPECIFIED","1,625",""
"SURVEY","1998","YEAR","","COUNTY","COLORADO","08","SOUTHEAST","90","PROWERS","099","","","00000000","","SUNFLOWER","SUNFLOWER - YIELD, MEASURED IN LB / ACRE","TOTAL","NOT SPECIFIED","1,400",""
"SURVEY","1997","YEAR","","COUNTY","COLORADO","08","EAST CENTRAL","60","ADAMS","001","","","00000000","","SUNFLOWER","SUNFLOWER - YIELD, MEASURED IN LB / ACRE","TOTAL","NOT SPECIFIED","800",""
"SURVEY","1997","YEAR","","COUNTY","COLORADO","08","EAST CENTRAL","60","ARAPAHOE","005","","","00000000","","SUNFLOWER","SUNFLOWER - YIELD, MEASURED IN LB / ACRE","TOTAL","NOT SPECIFIED","600",""
"SURVEY","1997","YEAR","","COUNTY","COLORADO","08","EAST CENTRAL","60","CHEYENNE","017","","","00000000","","SUNFLOWER","SUNFLOWER - YIELD, MEASURED IN LB / ACRE","TOTAL","NOT SPECIFIED","1,125",""
"SURVEY","1997","YEAR","","COUNTY","COLORADO","08","EAST CENTRAL","60","ELBERT","039","","","00000000","","SUNFLOWER","SUNFLOWER - YIELD, MEASURED IN LB / ACRE","TOTAL","NOT SPECIFIED","1,000",""
"SURVEY","1997","YEAR","","COUNTY","COLORADO","08","EAST CENTRAL","60","KIOWA","061","","","00000000","","SUNFLOWER","SUNFLOWER - YIELD, MEASURED IN LB / ACRE","TOTAL","NOT SPECIFIED","1,200",""
"SURVEY","1997","YEAR","","COUNTY","COLORADO","08","EAST CENTRAL","60","KIT CARSON","063","","","00000000","","SUNFLOWER","SUNFLOWER - YIELD, MEASURED IN LB / ACRE","TOTAL","NOT SPECIFIED","1,205",""
"SURVEY","1997","YEAR","","COUNTY","COLORADO","08","EAST CENTRAL","60","LINCOLN","073","","","00000000","","SUNFLOWER","SUNFLOWER - YIELD, MEASURED IN LB / ACRE","TOTAL","NOT SPECIFIED","1,030",""
"SURVEY","1997","YEAR","","COUNTY","COLORADO","08","EAST CENTRAL","60","PHILLIPS","095","","","00000000","","SUNFLOWER","SUNFLOWER - YIELD, MEASURED IN LB / ACRE","TOTAL","NOT SPECIFIED","1,120",""
"SURVEY","1997","YEAR","","COUNTY","COLORADO","08","EAST CENTRAL","60","WASHINGTON","121","","","00000000","","SUNFLOWER","SUNFLOWER - YIELD, MEASURED IN LB / ACRE","TOTAL","NOT SPECIFIED","1,070",""
"SURVEY","1997","YEAR","","COUNTY","COLORADO","08","EAST CENTRAL","60","YUMA","125","","","00000000","","SUNFLOWER","SUNFLOWER - YIELD, MEASURED IN LB / ACRE","TOTAL","NOT SPECIFIED","1,070",""
"SURVEY","1997","YEAR","","COUNTY","COLORADO","08","NORTHEAST","20","LOGAN","075","","","00000000","","SUNFLOWER","SUNFLOWER - YIELD, MEASURED IN LB / ACRE","TOTAL","NOT SPECIFIED","935",""
"SURVEY","1997","YEAR","","COUNTY","COLORADO","08","NORTHEAST","20","MORGAN","087","","","00000000","","SUNFLOWER","SUNFLOWER - YIELD, MEASURED IN LB / ACRE","TOTAL","NOT SPECIFIED","1,000",""
"SURVEY","1997","YEAR","","COUNTY","COLORADO","08","NORTHEAST","20","SEDGWICK","115","","","00000000","","SUNFLOWER","SUNFLOWER - YIELD, MEASURED IN LB / ACRE","TOTAL","NOT SPECIFIED","1,055",""
"SURVEY","1997","YEAR","","COUNTY","COLORADO","08","NORTHEAST","20","WELD","123","","","00000000","","SUNFLOWER","SUNFLOWER - YIELD, MEASURED IN LB / ACRE","TOTAL","NOT SPECIFIED","915",""
"SURVEY","1997","YEAR","","COUNTY","COLORADO","08","SOUTHEAST","90","BACA","009","","","00000000","","SUNFLOWER","SUNFLOWER - YIELD, MEASURED IN LB / ACRE","TOTAL","NOT SPECIFIED","900",""
"SURVEY","1997","YEAR","","COUNTY","COLORADO","08","SOUTHEAST","90","CROWLEY","025","","","00000000","","SUNFLOWER","SUNFLOWER - YIELD, MEASURED IN LB / ACRE","TOTAL","NOT SPECIFIED","1,565",""
"SURVEY","1996","YEAR","","COUNTY","COLORADO","08","EAST CENTRAL","60","ADAMS","001","","","00000000","","SUNFLOWER","SUNFLOWER - YIELD, MEASURED IN LB / ACRE","TOTAL","NOT SPECIFIED","615",""
"SURVEY","1996","YEAR","","COUNTY","COLORADO","08","EAST CENTRAL","60","ARAPAHOE","005","","","00000000","","SUNFLOWER","SUNFLOWER - YIELD, MEASURED IN LB / ACRE","TOTAL","NOT SPECIFIED","765",""
"SURVEY","1996","YEAR","","COUNTY","COLORADO","08","EAST CENTRAL","60","CHEYENNE","017","","","00000000","","SUNFLOWER","SUNFLOWER - YIELD, MEASURED IN LB / ACRE","TOTAL","NOT SPECIFIED","1,785",""
"SURVEY","1996","YEAR","","COUNTY","COLORADO","08","EAST CENTRAL","60","ELBERT","039","","","00000000","","SUNFLOWER","SUNFLOWER - YIELD, MEASURED IN LB / ACRE","TOTAL","NOT SPECIFIED","1,320",""
"SURVEY","1996","YEAR","","COUNTY","COLORADO","08","EAST CENTRAL","60","KIOWA","061","","","00000000","","SUNFLOWER","SUNFLOWER - YIELD, MEASURED IN LB / ACRE","TOTAL","NOT SPECIFIED","1,955",""
"SURVEY","1996","YEAR","","COUNTY","COLORADO","08","EAST CENTRAL","60","KIT CARSON","063","","","00000000","","SUNFLOWER","SUNFLOWER - YIELD, MEASURED IN LB / ACRE","TOTAL","NOT SPECIFIED","1,115",""
"SURVEY","1996","YEAR","","COUNTY","COLORADO","08","EAST CENTRAL","60","LINCOLN","073","","","00000000","","SUNFLOWER","SUNFLOWER - YIELD, MEASURED IN LB / ACRE","TOTAL","NOT SPECIFIED","1,210",""
"SURVEY","1996","YEAR","","COUNTY","COLORADO","08","EAST CENTRAL","60","PHILLIPS","095","","","00000000","","SUNFLOWER","SUNFLOWER - YIELD, MEASURED IN LB / ACRE","TOTAL","NOT SPECIFIED","885",""
"SURVEY","1996","YEAR","","COUNTY","COLORADO","08","EAST CENTRAL","60","WASHINGTON","121","","","00000000","","SUNFLOWER","SUNFLOWER - YIELD, MEASURED IN LB / ACRE","TOTAL","NOT SPECIFIED","1,135",""
"SURVEY","1996","YEAR","","COUNTY","COLORADO","08","EAST CENTRAL","60","YUMA","125","","","00000000","","SUNFLOWER","SUNFLOWER - YIELD, MEASURED IN LB / ACRE","TOTAL","NOT SPECIFIED","1,245",""
"SURVEY","1996","YEAR","","COUNTY","COLORADO","08","NORTHEAST","20","LOGAN","075","","","00000000","","SUNFLOWER","SUNFLOWER - YIELD, MEASURED IN LB / ACRE","TOTAL","NOT SPECIFIED","1,030",""
"SURVEY","1996","YEAR","","COUNTY","COLORADO","08","NORTHEAST","20","MORGAN","087","","","00000000","","SUNFLOWER","SUNFLOWER - YIELD, MEASURED IN LB / ACRE","TOTAL","NOT SPECIFIED","885",""
"SURVEY","1996","YEAR","","COUNTY","COLORADO","08","NORTHEAST","20","SEDGWICK","115","","","00000000","","SUNFLOWER","SUNFLOWER - YIELD, MEASURED IN LB / ACRE","TOTAL","NOT SPECIFIED","1,140",""
"SURVEY","1996","YEAR","","COUNTY","COLORADO","08","NORTHEAST","20","WELD","123","","","00000000","","SUNFLOWER","SUNFLOWER - YIELD, MEASURED IN LB / ACRE","TOTAL","NOT SPECIFIED","930",""
"SURVEY","1995","YEAR","","COUNTY","COLORADO","08","EAST CENTRAL","60","ADAMS","001","","","00000000","","SUNFLOWER","SUNFLOWER - YIELD, MEASURED IN LB / ACRE","TOTAL","NOT SPECIFIED","600",""
"SURVEY","1995","YEAR","","COUNTY","COLORADO","08","EAST CENTRAL","60","ARAPAHOE","005","","","00000000","","SUNFLOWER","SUNFLOWER - YIELD, MEASURED IN LB / ACRE","TOTAL","NOT SPECIFIED","660",""
"SURVEY","1995","YEAR","","COUNTY","COLORADO","08","EAST CENTRAL","60","CHEYENNE","017","","","00000000","","SUNFLOWER","SUNFLOWER - YIELD, MEASURED IN LB / ACRE","TOTAL","NOT SPECIFIED","1,010",""
"SURVEY","1995","YEAR","","COUNTY","COLORADO","08","EAST CENTRAL","60","ELBERT","039","","","00000000","","SUNFLOWER","SUNFLOWER - YIELD, MEASURED IN LB / ACRE","TOTAL","NOT SPECIFIED","970",""
"SURVEY","1995","YEAR","","COUNTY","COLORADO","08","EAST CENTRAL","60","KIOWA","061","","","00000000","","SUNFLOWER","SUNFLOWER - YIELD, MEASURED IN LB / ACRE","TOTAL","NOT SPECIFIED","945",""
"SURVEY","1995","YEAR","","COUNTY","COLORADO","08","EAST CENTRAL","60","KIT CARSON","063","","","00000000","","SUNFLOWER","SUNFLOWER - YIELD, MEASURED IN LB / ACRE","TOTAL","NOT SPECIFIED","1,225",""
"SURVEY","1995","YEAR","","COUNTY","COLORADO","08","EAST CENTRAL","60","LINCOLN","073","","","00000000","","SUNFLOWER","SUNFLOWER - YIELD, MEASURED IN LB / ACRE","TOTAL","NOT SPECIFIED","400",""
"SURVEY","1995","YEAR","","COUNTY","COLORADO","08","EAST CENTRAL","60","PHILLIPS","095","","","00000000","","SUNFLOWER","SUNFLOWER - YIELD, MEASURED IN LB / ACRE","TOTAL","NOT SPECIFIED","945",""
"SURVEY","1995","YEAR","","COUNTY","COLORADO","08","EAST CENTRAL","60","WASHINGTON","121","","","00000000","","SUNFLOWER","SUNFLOWER - YIELD, MEASURED IN LB / ACRE","TOTAL","NOT SPECIFIED","710",""
"SURVEY","1995","YEAR","","COUNTY","COLORADO","08","EAST CENTRAL","60","YUMA","125","","","00000000","","SUNFLOWER","SUNFLOWER - YIELD, MEASURED IN LB / ACRE","TOTAL","NOT SPECIFIED","730",""
"SURVEY","1995","YEAR","","COUNTY","COLORADO","08","NORTHEAST","20","LOGAN","075","","","00000000","","SUNFLOWER","SUNFLOWER - YIELD, MEASURED IN LB / ACRE","TOTAL","NOT SPECIFIED","915",""
"SURVEY","1995","YEAR","","COUNTY","COLORADO","08","NORTHEAST","20","MORGAN","087","","","00000000","","SUNFLOWER","SUNFLOWER - YIELD, MEASURED IN LB / ACRE","TOTAL","NOT SPECIFIED","885",""
"SURVEY","1995","YEAR","","COUNTY","COLORADO","08","NORTHEAST","20","SEDGWICK","115","","","00000000","","SUNFLOWER","SUNFLOWER - YIELD, MEASURED IN LB / ACRE","TOTAL","NOT SPECIFIED","825",""
"SURVEY","1995","YEAR","","COUNTY","COLORADO","08","NORTHEAST","20","WELD","123","","","00000000","","SUNFLOWER","SUNFLOWER - YIELD, MEASURED IN LB / ACRE","TOTAL","NOT SPECIFIED","995",""
"SURVEY","1994","YEAR","","COUNTY","COLORADO","08","EAST CENTRAL","60","ADAMS","001","","","00000000","","SUNFLOWER","SUNFLOWER - YIELD, MEASURED IN LB / ACRE","TOTAL","NOT SPECIFIED","495",""
"SURVEY","1994","YEAR","","COUNTY","COLORADO","08","EAST CENTRAL","60","ARAPAHOE","005","","","00000000","","SUNFLOWER","SUNFLOWER - YIELD, MEASURED IN LB / ACRE","TOTAL","NOT SPECIFIED","635",""
"SURVEY","1994","YEAR","","COUNTY","COLORADO","08","EAST CENTRAL","60","CHEYENNE","017","","","00000000","","SUNFLOWER","SUNFLOWER - YIELD, MEASURED IN LB / ACRE","TOTAL","NOT SPECIFIED","875",""
"SURVEY","1994","YEAR","","COUNTY","COLORADO","08","EAST CENTRAL","60","ELBERT","039","","","00000000","","SUNFLOWER","SUNFLOWER - YIELD, MEASURED IN LB / ACRE","TOTAL","NOT SPECIFIED","790",""
"SURVEY","1994","YEAR","","COUNTY","COLORADO","08","EAST CENTRAL","60","KIOWA","061","","","00000000","","SUNFLOWER","SUNFLOWER - YIELD, MEASURED IN LB / ACRE","TOTAL","NOT SPECIFIED","935",""
"SURVEY","1994","YEAR","","COUNTY","COLORADO","08","EAST CENTRAL","60","KIT CARSON","063","","","00000000","","SUNFLOWER","SUNFLOWER - YIELD, MEASURED IN LB / ACRE","TOTAL","NOT SPECIFIED","1,405",""
"SURVEY","1994","YEAR","","COUNTY","COLORADO","08","EAST CENTRAL","60","LINCOLN","073","","","00000000","","SUNFLOWER","SUNFLOWER - YIELD, MEASURED IN LB / ACRE","TOTAL","NOT SPECIFIED","905",""
"SURVEY","1994","YEAR","","COUNTY","COLORADO","08","EAST CENTRAL","60","PHILLIPS","095","","","00000000","","SUNFLOWER","SUNFLOWER - YIELD, MEASURED IN LB / ACRE","TOTAL","NOT SPECIFIED","990",""
"SURVEY","1994","YEAR","","COUNTY","COLORADO","08","EAST CENTRAL","60","WASHINGTON","121","","","00000000","","SUNFLOWER","SUNFLOWER - YIELD, MEASURED IN LB / ACRE","TOTAL","NOT SPECIFIED","1,020",""
"SURVEY","1994","YEAR","","COUNTY","COLORADO","08","EAST CENTRAL","60","YUMA","125","","","00000000","","SUNFLOWER","SUNFLOWER - YIELD, MEASURED IN LB / ACRE","TOTAL","NOT SPECIFIED","1,250",""
"SURVEY","1994","YEAR","","COUNTY","COLORADO","08","NORTHEAST","20","LOGAN","075","","","00000000","","SUNFLOWER","SUNFLOWER - YIELD, MEASURED IN LB / ACRE","TOTAL","NOT SPECIFIED","605",""
"SURVEY","1994","YEAR","","COUNTY","COLORADO","08","NORTHEAST","20","MORGAN","087","","","00000000","","SUNFLOWER","SUNFLOWER - YIELD, MEASURED IN LB / ACRE","TOTAL","NOT SPECIFIED","590",""
"SURVEY","1994","YEAR","","COUNTY","COLORADO","08","NORTHEAST","20","SEDGWICK","115","","","00000000","","SUNFLOWER","SUNFLOWER - YIELD, MEASURED IN LB / ACRE","TOTAL","NOT SPECIFIED","945",""
"SURVEY","1994","YEAR","","COUNTY","COLORADO","08","NORTHEAST","20","WELD","123","","","00000000","","SUNFLOWER","SUNFLOWER - YIELD, MEASURED IN LB / ACRE","TOTAL","NOT SPECIFIED","705",""
"SURVEY","1993","YEAR","","COUNTY","COLORADO","08","EAST CENTRAL","60","ADAMS","001","","","00000000","","SUNFLOWER","SUNFLOWER - YIELD, MEASURED IN LB / ACRE","TOTAL","NOT SPECIFIED","960",""
"SURVEY","1993","YEAR","","COUNTY","COLORADO","08","EAST CENTRAL","60","ARAPAHOE","005","","","00000000","","SUNFLOWER","SUNFLOWER - YIELD, MEASURED IN LB / ACRE","TOTAL","NOT SPECIFIED","1,080",""
"SURVEY","1993","YEAR","","COUNTY","COLORADO","08","EAST CENTRAL","60","CHEYENNE","017","","","00000000","","SUNFLOWER","SUNFLOWER - YIELD, MEASURED IN LB / ACRE","TOTAL","NOT SPECIFIED","975",""
"SURVEY","1993","YEAR","","COUNTY","COLORADO","08","EAST CENTRAL","60","ELBERT","039","","","00000000","","SUNFLOWER","SUNFLOWER - YIELD, MEASURED IN LB / ACRE","TOTAL","NOT SPECIFIED","1,070",""
"SURVEY","1993","YEAR","","COUNTY","COLORADO","08","EAST CENTRAL","60","KIOWA","061","","","00000000","","SUNFLOWER","SUNFLOWER - YIELD, MEASURED IN LB / ACRE","TOTAL","NOT SPECIFIED","720",""
"SURVEY","1993","YEAR","","COUNTY","COLORADO","08","EAST CENTRAL","60","KIT CARSON","063","","","00000000","","SUNFLOWER","SUNFLOWER - YIELD, MEASURED IN LB / ACRE","TOTAL","NOT SPECIFIED","1,450",""
"SURVEY","1993","YEAR","","COUNTY","COLORADO","08","EAST CENTRAL","60","LINCOLN","073","","","00000000","","SUNFLOWER","SUNFLOWER - YIELD, MEASURED IN LB / ACRE","TOTAL","NOT SPECIFIED","600",""
"SURVEY","1993","YEAR","","COUNTY","COLORADO","08","EAST CENTRAL","60","PHILLIPS","095","","","00000000","","SUNFLOWER","SUNFLOWER - YIELD, MEASURED IN LB / ACRE","TOTAL","NOT SPECIFIED","1,045",""
"SURVEY","1993","YEAR","","COUNTY","COLORADO","08","EAST CENTRAL","60","WASHINGTON","121","","","00000000","","SUNFLOWER","SUNFLOWER - YIELD, MEASURED IN LB / ACRE","TOTAL","NOT SPECIFIED","870",""
"SURVEY","1993","YEAR","","COUNTY","COLORADO","08","EAST CENTRAL","60","YUMA","125","","","00000000","","SUNFLOWER","SUNFLOWER - YIELD, MEASURED IN LB / ACRE","TOTAL","NOT SPECIFIED","1,315",""
"SURVEY","1993","YEAR","","COUNTY","COLORADO","08","NORTHEAST","20","LOGAN","075","","","00000000","","SUNFLOWER","SUNFLOWER - YIELD, MEASURED IN LB / ACRE","TOTAL","NOT SPECIFIED","870",""
"SURVEY","1993","YEAR","","COUNTY","COLORADO","08","NORTHEAST","20","MORGAN","087","","","00000000","","SUNFLOWER","SUNFLOWER - YIELD, MEASURED IN LB / ACRE","TOTAL","NOT SPECIFIED","855",""
"SURVEY","1993","YEAR","","COUNTY","COLORADO","08","NORTHEAST","20","SEDGWICK","115","","","00000000","","SUNFLOWER","SUNFLOWER - YIELD, MEASURED IN LB / ACRE","TOTAL","NOT SPECIFIED","1,300",""
"SURVEY","1993","YEAR","","COUNTY","COLORADO","08","NORTHEAST","20","WELD","123","","","00000000","","SUNFLOWER","SUNFLOWER - YIELD, MEASURED IN LB / ACRE","TOTAL","NOT SPECIFIED","1,125",""
"SURVEY","1992","YEAR","","COUNTY","COLORADO","08","EAST CENTRAL","60","ADAMS","001","","","00000000","","SUNFLOWER","SUNFLOWER - YIELD, MEASURED IN LB / ACRE","TOTAL","NOT SPECIFIED","1,080",""
"SURVEY","1992","YEAR","","COUNTY","COLORADO","08","EAST CENTRAL","60","ARAPAHOE","005","","","00000000","","SUNFLOWER","SUNFLOWER - YIELD, MEASURED IN LB / ACRE","TOTAL","NOT SPECIFIED","1,255",""
"SURVEY","1992","YEAR","","COUNTY","COLORADO","08","EAST CENTRAL","60","CHEYENNE","017","","","00000000","","SUNFLOWER","SUNFLOWER - YIELD, MEASURED IN LB / ACRE","TOTAL","NOT SPECIFIED","820",""
"SURVEY","1992","YEAR","","COUNTY","COLORADO","08","EAST CENTRAL","60","ELBERT","039","","","00000000","","SUNFLOWER","SUNFLOWER - YIELD, MEASURED IN LB / ACRE","TOTAL","NOT SPECIFIED","1,600",""
"SURVEY","1992","YEAR","","COUNTY","COLORADO","08","EAST CENTRAL","60","KIOWA","061","","","00000000","","SUNFLOWER","SUNFLOWER - YIELD, MEASURED IN LB / ACRE","TOTAL","NOT SPECIFIED","750",""
"SURVEY","1992","YEAR","","COUNTY","COLORADO","08","EAST CENTRAL","60","KIT CARSON","063","","","00000000","","SUNFLOWER","SUNFLOWER - YIELD, MEASURED IN LB / ACRE","TOTAL","NOT SPECIFIED","1,690",""
"SURVEY","1992","YEAR","","COUNTY","COLORADO","08","EAST CENTRAL","60","LINCOLN","073","","","00000000","","SUNFLOWER","SUNFLOWER - YIELD, MEASURED IN LB / ACRE","TOTAL","NOT SPECIFIED","735",""
"SURVEY","1992","YEAR","","COUNTY","COLORADO","08","EAST CENTRAL","60","PHILLIPS","095","","","00000000","","SUNFLOWER","SUNFLOWER - YIELD, MEASURED IN LB / ACRE","TOTAL","NOT SPECIFIED","1,450",""
"SURVEY","1992","YEAR","","COUNTY","COLORADO","08","EAST CENTRAL","60","WASHINGTON","121","","","00000000","","SUNFLOWER","SUNFLOWER - YIELD, MEASURED IN LB / ACRE","TOTAL","NOT SPECIFIED","1,155",""
"SURVEY","1992","YEAR","","COUNTY","COLORADO","08","EAST CENTRAL","60","YUMA","125","","","00000000","","SUNFLOWER","SUNFLOWER - YIELD, MEASURED IN LB / ACRE","TOTAL","NOT SPECIFIED","1,690",""
"SURVEY","1992","YEAR","","COUNTY","COLORADO","08","NORTHEAST","20","LOGAN","075","","","00000000","","SUNFLOWER","SUNFLOWER - YIELD, MEASURED IN LB / ACRE","TOTAL","NOT SPECIFIED","1,145",""
"SURVEY","1992","YEAR","","COUNTY","COLORADO","08","NORTHEAST","20","MORGAN","087","","","00000000","","SUNFLOWER","SUNFLOWER - YIELD, MEASURED IN LB / ACRE","TOTAL","NOT SPECIFIED","1,245",""
"SURVEY","1992","YEAR","","COUNTY","COLORADO","08","NORTHEAST","20","SEDGWICK","115","","","00000000","","SUNFLOWER","SUNFLOWER - YIELD, MEASURED IN LB / ACRE","TOTAL","NOT SPECIFIED","1,400",""
"SURVEY","1992","YEAR","","COUNTY","COLORADO","08","NORTHEAST","20","WELD","123","","","00000000","","SUNFLOWER","SUNFLOWER - YIELD, MEASURED IN LB / ACRE","TOTAL","NOT SPECIFIED","1,170",""
"SURVEY","1991","YEAR","","COUNTY","COLORADO","08","EAST CENTRAL","60","ADAMS","001","","","00000000","","SUNFLOWER","SUNFLOWER - YIELD, MEASURED IN LB / ACRE","TOTAL","NOT SPECIFIED","645",""
"SURVEY","1991","YEAR","","COUNTY","COLORADO","08","EAST CENTRAL","60","ARAPAHOE","005","","","00000000","","SUNFLOWER","SUNFLOWER - YIELD, MEASURED IN LB / ACRE","TOTAL","NOT SPECIFIED","780",""
"SURVEY","1991","YEAR","","COUNTY","COLORADO","08","EAST CENTRAL","60","CHEYENNE","017","","","00000000","","SUNFLOWER","SUNFLOWER - YIELD, MEASURED IN LB / ACRE","TOTAL","NOT SPECIFIED","850",""
"SURVEY","1991","YEAR","","COUNTY","COLORADO","08","EAST CENTRAL","60","ELBERT","039","","","00000000","","SUNFLOWER","SUNFLOWER - YIELD, MEASURED IN LB / ACRE","TOTAL","NOT SPECIFIED","480",""
"SURVEY","1991","YEAR","","COUNTY","COLORADO","08","EAST CENTRAL","60","KIT CARSON","063","","","00000000","","SUNFLOWER","SUNFLOWER - YIELD, MEASURED IN LB / ACRE","TOTAL","NOT SPECIFIED","1,210",""
"SURVEY","1991","YEAR","","COUNTY","COLORADO","08","EAST CENTRAL","60","LINCOLN","073","","","00000000","","SUNFLOWER","SUNFLOWER - YIELD, MEASURED IN LB / ACRE","TOTAL","NOT SPECIFIED","600",""
"SURVEY","1991","YEAR","","COUNTY","COLORADO","08","EAST CENTRAL","60","PHILLIPS","095","","","00000000","","SUNFLOWER","SUNFLOWER - YIELD, MEASURED IN LB / ACRE","TOTAL","NOT SPECIFIED","955",""
"SURVEY","1991","YEAR","","COUNTY","COLORADO","08","EAST CENTRAL","60","WASHINGTON","121","","","00000000","","SUNFLOWER","SUNFLOWER - YIELD, MEASURED IN LB / ACRE","TOTAL","NOT SPECIFIED","855",""
"SURVEY","1991","YEAR","","COUNTY","COLORADO","08","EAST CENTRAL","60","YUMA","125","","","00000000","","SUNFLOWER","SUNFLOWER - YIELD, MEASURED IN LB / ACRE","TOTAL","NOT SPECIFIED","1,310",""
"SURVEY","1991","YEAR","","COUNTY","COLORADO","08","NORTHEAST","20","LOGAN","075","","","00000000","","SUNFLOWER","SUNFLOWER - YIELD, MEASURED IN LB / ACRE","TOTAL","NOT SPECIFIED","860",""
"SURVEY","1991","YEAR","","COUNTY","COLORADO","08","NORTHEAST","20","MORGAN","087","","","00000000","","SUNFLOWER","SUNFLOWER - YIELD, MEASURED IN LB / ACRE","TOTAL","NOT SPECIFIED","985",""
"SURVEY","1991","YEAR","","COUNTY","COLORADO","08","NORTHEAST","20","SEDGWICK","115","","","00000000","","SUNFLOWER","SUNFLOWER - YIELD, MEASURED IN LB / ACRE","TOTAL","NOT SPECIFIED","800",""
"SURVEY","1991","YEAR","","COUNTY","COLORADO","08","NORTHEAST","20","WELD","123","","","00000000","","SUNFLOWER","SUNFLOWER - YIELD, MEASURED IN LB / ACRE","TOTAL","NOT SPECIFIED","855",""
"SURVEY","1991","YEAR","","COUNTY","COLORADO","08","SOUTHEAST","90","BACA","009","","","00000000","","SUNFLOWER","SUNFLOWER - YIELD, MEASURED IN LB / ACRE","TOTAL","NOT SPECIFIED","850",""
